,A,C,D,E,F,G,H,I,K,L,M,N,P,Q,R,S,T,V,W,Y
A,0.0,4.351428571428575,7.6635,3.8913875000000004,7.348545454545444,3.1987500000000004,4.750846153846149,6.66225,4.8420000000000005,6.99525,4.39484375,4.878409090909101,1.6143749999999961,4.043295454545462,5.58415,2.46088888888889,3.5650000000000004,5.009375,7.59304411764706,7.168687499999989
C,4.36571428571429,0.0,8.177400000000004,8.930407142857138,5.370194805194795,3.7200000000000046,7.404692307692312,5.062357142857151,8.16891428571429,6.366866071428563,5.137714285714273,5.971428571428559,7.595238095238098,7.172181818181804,8.12648571428572,4.86361904761905,5.036857142857146,5.020616071428581,6.283058823529413,3.5721428571428526
D,6.459375,4.551171428571431,0.0,2.45696,8.630836363636364,6.133399999999993,5.832000000000001,6.2244,6.7261999999999995,6.087599999999999,6.87,2.2058181818181812,6.93175,4.894145454545461,5.751,5.444266666666679,6.721866666666659,12.0852,8.66541176470587,5.9270500000000075
E,5.5805750000000005,9.139542857142853,1.7184000000000001,0.0,9.118963636363638,7.888000000000011,4.5152307692307545,9.2915625,3.395,9.1831875,6.4472499999999995,4.62043636363637,5.837066666666677,1.7554909090909103,4.69584,3.4041333333333403,5.49119999999999,7.2856875,7.8485294117647,8.048083333333343
F,5.21418181818181,6.323961038961027,8.09918181818182,7.157127272727275,0.0,9.634535353535346,4.506188811188803,5.022727272727281,7.981963636363628,3.561,3.7345454545454495,7.267239669421479,6.298499999999998,7.143793388429765,8.706472727272718,5.8466262626262555,5.7764848484848415,6.2195,2.0709999999999997,1.3482424242424234
G,3.8375,6.085333333333341,7.000933333333326,8.866666666666678,3.579101010101007,0.0,6.745000000000012,8.81025,8.005666666666656,11.703555555555562,7.400148148148135,5.160999999999984,6.005000000000001,7.647676767676758,8.909333333333345,4.84448148148149,8.106172839506163,8.28844444444445,4.279215686274514,6.573333333333338
H,5.198076923076918,6.719307692307697,4.404800000000001,3.8021538461538333,4.771888111888104,6.754743589743601,0.0,7.598076923076911,4.5488,6.713942307692314,5.219653846153842,2.721,5.433461538461534,2.2699300699300693,3.2565076923076797,4.368410256410254,5.03577777777778,7.569230769230757,4.77708597285068,2.3311538461538457
I,6.876,5.391276785714296,12.618,10.311562499999999,4.387500000000007,9.532750000000002,5.059615384615377,0.0,9.130799999999999,1.1261249999999998,1.6651249999999995,9.69238636363637,9.3040625,8.578818181818168,10.751437500000002,7.472111111111118,5.980333333333323,0.7685,5.118852941176471,6.594
K,5.0475,8.491371428571432,3.9799499999999997,3.624,7.551709090909082,7.233333333333323,5.3312,8.391599999999999,0.0,4.6339999999999995,6.008800000000011,4.2084,5.3625,2.49578181818182,1.69589,4.948533333333344,5.654133333333323,7.424625,8.060294117647054,6.610875
L,5.814,4.234285714285709,11.012400000000001,9.7569375,3.175,9.856222222222227,7.20757692307693,1.1143125,9.0272,0.0,0.849375,8.195113636363642,11.269375,3.2783636363636317,7.226799999999999,8.79375000000001,3.0766666666666715,2.3899999999999997,7.076397058823536,6.348
M,4.6475,3.7062857142857046,5.07,4.505,3.6659999999999946,5.92237037037036,5.586461538461534,2.8449895833333323,5.31440000000001,1.2520312500000002,0.0,6.301333333333331,7.802999999999983,2.0888636363636386,4.422133333333341,4.884148148148158,3.9982962962963082,2.759,6.527294117647052,7.540090277777762
N,5.602500000000012,6.794597402597389,3.178636363636363,3.856036363636369,8.39186776859503,4.643888888888874,3.158,9.538977272727278,3.1583999999999994,9.901022727272734,5.652242424242424,0.0,5.800606060606059,3.99629752066116,5.210400000000006,2.952,4.490909090909083,6.977045454545459,6.25882352941177,5.66460606060606
P,3.717291666666658,6.922142857142859,4.89175,5.152000000000009,8.697681818181815,8.55,7.037999999999994,5.36453125,6.144125,4.13546875,4.46545138888888,7.352242424242423,0.0,6.712727272727279,7.541625,6.303333333333346,5.968444444444458,4.837875,5.62009803921568,6.793819444444432
Q,2.3400000000000043,2.977363636363631,5.458581818181825,2.326254545454547,4.860454545454554,5.805898989898982,2.73062937062937,4.064931818181812,2.1560727272727287,2.8505454545454505,2.1605606060606077,4.348561983471078,4.9163636363636405,0.0,3.906,3.6168888888888775,5.693333333333343,2.9238181818181777,3.4239999999999986,3.914545454545458
R,5.9845500000000005,5.71654285714286,7.026750000000001,5.02272,7.79898181818181,8.301333333333345,3.4105076923076787,5.5558125,1.4317799999999998,8.792,5.010133333333343,4.231854545454551,5.478250000000001,2.95,0.0,5.813599999999989,5.862133333333323,8.7108,7.629599999999999,4.3626249999999995
S,2.137333333333334,2.5046666666666684,4.688933333333344,4.548133333333343,5.89866666666666,2.709802469135808,5.607384615384611,3.356888888888892,4.426400000000009,8.90750000000001,4.843703703703714,2.6470000000000002,3.616666666666674,5.227444444444429,5.619466666666656,0.0,1.0997777777777773,3.211000000000005,6.036078431372556,6.351074074074063
T,2.945,3.387047619047621,5.627844444444438,5.234666666666657,6.324040404040396,5.045185185185179,5.1831111111111134,0.8543333333333317,6.203599999999988,1.4538333333333358,3.2881851851851946,3.9393939393939323,5.964592592592605,5.116363636363645,5.962666666666656,1.7821481481481471,0.0,1.09875,6.650980392156869,7.829759259259246
V,1.353125,0.15527678571428594,9.1404,7.129687499999999,7.364000000000001,5.202000000000003,8.65384615384614,0.571,6.279,1.992,2.822,6.53829545454546,6.239624999999999,5.667999999999991,8.4868,3.611833333333339,1.5562500000000001,0.0,6.649500000000006,8.409510416666654
W,7.185808823529413,6.4545882352941195,9.35470588235293,4.256470588235292,3.476,7.587137254901969,5.705266968325794,7.164500000000001,4.298823529411762,4.077602941176474,5.3018823529411705,7.658422459893055,4.19117647058823,5.951999999999997,7.295999999999999,7.5846274509804,7.554509803921576,6.504397058823535,0.0,2.2125000000000004
Y,5.472052083333325,7.692857142857132,6.139691666666673,7.027941666666675,1.3397575757575748,6.529259259259263,3.0613846153846147,5.76,6.7405,6.374,5.292312499999989,6.509454545454544,6.345076388888877,5.212727272727277,6.8233749999999995,6.787407407407397,7.607185185185173,5.522697916666659,2.2875000000000005,0.0
