"","A","C","D","E","F","G","H","I","K","L","M","N","P","Q","R","S","T","V","W","Y"
"A",0,1.38888888888889,2,1.5,2,1,1.875,2.25,1.5,2.25,1.45833333333333,2,1.40625,1.45833333333333,2,0.5625,1,1,2.22727272727273,1.92857142857143
"C",1.38888888888889,0,2.40740740740741,2.6,1.62962962962963,2,2.16666666666667,1.38888888888889,2.6,1.83333333333333,1.62962962962963,2,1.83333333333333,2,2.40740740740741,1.38888888888889,1.33333333333333,1.38888888888889,1.6969696969697,1.9047619047619
"D",2,2.40740740740741,0,0.666666666666667,2.77777777777778,1.77777777777778,1.3125,3.33333333333333,1.4,3.33333333333333,2.25,0.694444444444445,1.66666666666667,1.36111111111111,1.77777777777778,1,1.4,3.33333333333333,2.66666666666667,2.61904761904762
"E",1.5,2.6,0.666666666666667,0,3,1.86666666666667,1,3.6,0.64,2.8,1.86666666666667,1,1.35,0.4,1,1,1.44,2.8,2.45454545454545,2.28571428571429
"F",2,1.62962962962963,2.77777777777778,3,0,2.77777777777778,1.3125,1,2.4,1,1,2.25,2.5,2.25,2.25,2.625,1.86666666666667,1.45833333333333,0.757575757575758,0.285714285714286
"G",1,2,1.77777777777778,1.86666666666667,2.77777777777778,0,1.66666666666667,3.33333333333333,1.86666666666667,3.33333333333333,2.25,1.36111111111111,2.0625,1.77777777777778,2.25,1.45833333333333,1.86666666666667,3.33333333333333,1.90909090909091,2.61904761904762
"H",1.875,2.16666666666667,1.3125,1,1.3125,1.66666666666667,0,3,1.35,2.40625,1.66666666666667,1,1.5625,0.729166666666667,1,1.40625,1.75,2.40625,1.47727272727273,0.535714285714286
"I",2.25,1.38888888888889,3.33333333333333,3.6,1,3.33333333333333,3,0,2.8,0.25,0.625,3.33333333333333,2.40625,2.625,2.625,3.0625,1.5,0.0625,2.22727272727273,1.42857142857143
"K",1.5,2.6,1.4,0.64,2.4,1.86666666666667,1.35,2.8,0,2.8,1.86666666666667,1,1.35,0.666666666666667,0.4,1,1.44,2.8,2.03636363636364,1.8
"L",2.25,1.83333333333333,3.33333333333333,2.8,1,3.33333333333333,2.40625,0.25,2.8,0,0.333333333333333,3.33333333333333,2.40625,2,2.625,3.0625,2.1,0.5625,1.77272727272727,1.42857142857143
"M",1.45833333333333,1.62962962962963,2.25,1.86666666666667,1,2.25,1.66666666666667,0.625,1.86666666666667,0.333333333333333,0,1.77777777777778,2.0625,1,1.77777777777778,2,1.4,0.625,1.57575757575758,1.33333333333333
"N",2,2,0.694444444444445,1,2.25,1.36111111111111,1,3.33333333333333,1,3.33333333333333,1.77777777777778,0,1.66666666666667,1,1.36111111111111,1,1,2.625,2.27272727272727,1.71428571428571
"P",1.40625,1.83333333333333,1.66666666666667,1.35,2.5,2.0625,1.5625,2.40625,1.35,2.40625,2.0625,1.66666666666667,0,1.66666666666667,1.66666666666667,1.40625,1.35,2.40625,2.04545454545455,1.96428571428571
"Q",1.45833333333333,2,1.36111111111111,0.4,2.25,1.77777777777778,0.729166666666667,2.625,0.666666666666667,2,1,1,1.66666666666667,0,0.694444444444445,1,1.4,2,1.57575757575758,1.71428571428571
"R",2,2.40740740740741,1.77777777777778,1,2.25,2.25,1,2.625,0.4,2.625,1.77777777777778,1.36111111111111,1.66666666666667,0.694444444444445,0,1.45833333333333,1.4,2.625,1.90909090909091,1.71428571428571
"S",0.5625,1.38888888888889,1,1,2.625,1.45833333333333,1.40625,3.0625,1,3.0625,2,1,1.40625,1,1.45833333333333,0,0.6,2.25,2.22727272727273,1.92857142857143
"T",1,1.33333333333333,1.4,1.44,1.86666666666667,1.86666666666667,1.75,1.5,1.44,2.1,1.4,1,1.35,1.4,1.4,0.6,0,1,2.03636363636364,1.8
"V",1,1.38888888888889,3.33333333333333,2.8,1.45833333333333,3.33333333333333,2.40625,0.0625,2.8,0.5625,0.625,2.625,2.40625,2,2.625,2.25,1,0,2.22727272727273,1.92857142857143
"W",2.22727272727273,1.6969696969697,2.66666666666667,2.45454545454545,0.757575757575758,1.90909090909091,1.47727272727273,2.22727272727273,2.03636363636364,1.77272727272727,1.57575757575758,2.27272727272727,2.04545454545455,1.57575757575758,1.90909090909091,2.22727272727273,2.03636363636364,2.22727272727273,0,0.584415584415584
"Y",1.92857142857143,1.9047619047619,2.61904761904762,2.28571428571429,0.285714285714286,2.61904761904762,0.535714285714286,1.42857142857143,1.8,1.42857142857143,1.33333333333333,1.71428571428571,1.96428571428571,1.71428571428571,1.71428571428571,1.92857142857143,1.8,1.92857142857143,0.584415584415584,0
